{"cameraMode":{"drawMode":0,"name":"Shaded","section":"Shading Mode"},"sceneLighting":false,"audioPlay":false,"sceneViewState":{"m_AlwaysRefresh":false,"showFog":true,"showSkybox":false,"showFlares":true,"showImageEffects":true,"showParticleSystems":true,"showVisualEffectGraphs":true,"m_FxEnabled":true},"in2DMode":false,"pivot":{"x":0.008892648853361607,"y":0.8874742388725281,"z":-1.0114939212799073},"rotation":{"x":-0.06593109667301178,"y":0.872532308101654,"z":-0.12664659321308137,"w":-0.46516719460487368},"size":4.123105525970459,"orthographic":false}